,Number,Name
0,042001,12TH FLOOR CORRIDORS @ 445 HAMILTON
1,042002,14TH FLOOR CORRIDORS @ 1 N. BROADWAY
2,042004,12TH FLOOR RESTROOMS @ 445 HAMILTON
3,042005,10TH FLOOR RESTROOMS @ 445 HAMILTON
4,042009,NATIONAL_HEALTH_REHAB
5,042019,HONEYWELL_NJ06
6,042023,SIEMANS_HEALTHCARE_MID_LAB_RENOVATIONS
7,042037,1LMS 4TH FL
8,042039,USI_INSURANCE_SERVICES
9,042046,AMERICAN_LIST_COUNCIL
10,042047,MERIDIAN_GLOBAL_VAT_SERVICES
11,042048,FONTANA_&_GIANNELLI
12,042050,10_BANK_ST_PLADIS
13,042053,COSMETIC_UPGRADES_5E
14,042054,TURBONOMICS
15,042066,ICE_DATA_SERVICES
16,042070,GOLDBERG_SEGALLA
17,042074,ESRT_10_BANK_ST_CORRIDORS
18,042075,1_LMS_9TH_FL_CORRIDOR
19,042077,PEPSICO_BLDG_1
20,042098,PEPSICO_R&D_MOBILE_OFFICE
21,042110,CAREMOUNT_OPHTHALMOLOGY
22,042114,RYE_YMCA_LOCKER_ROOMS
23,042126,ONCOLOGY_EXAM_ROOM_RENOVATIONS
24,042127,EVEREST_GLOBAL_SERVICES
25,042131,ZARIN_&_STEINMETZ
26,042132,PRIMEVIEW_ASSOCIATES
27,042134,METCAR
28,042135,SIEMENS_LOWER_LEVEL_CORRIDORS
29,042136,MAMMO_SUITE_WESTMED
30,042150,800_WESTCHESTER_RPW
31,042151,HARRIS_BEACH_PLLC
32,042152,WALMART
33,042153,55_S_BROADWAY_CONFERENCE_ROOM
34,042154,CITI_ARMONK_PHASE1
35,042156,JLL_RBS_7FL_RESTACK
36,042160,METRO_CENTER
37,042163,MARYKNOLL_FATHERS_AND_BROTHERS
38,042190,GREENBURGH_TRAURIG
39,042193,MATRIX
40,042196,1_LMS_LINNAR_MULTI_FAMIL
41,042203,PROMPTCARE
42,042205,T&M_440_RPW
43,042212,PALISADES_FOOD_COURT
44,042215,44_SOUTH_LOWER_LEVEL
45,042231,TRANS_OCEAN_IMPORTS
46,042236,APINSG_WALMART_MONROE
47,042238,140_GRAND_SUITE_900
48,042239,140_GRAND_YANKWITT_LLP
49,042242,44_SOUTH_BROADWAY_6TH_FL_PREBUILT
50,042246,T&M_440_RPW_EWOR_02
51,042253,T&M_800_WESTCHESTER_AMERIPRISE
52,042254,140_GRAND_7TH_FL_RESTROOMS
53,042255,140_GRAND_BELOWICH
54,042256,140_GRAND_CRB_9TH_FL_DEMO
55,042259,222_BLOOMINGDALE_RESTROOMS
56,042264,222_BLOOMINGDALE_HALLWAY
57,042265,222_BLOOMINGDALE_MONTE_NIRO
58,042267,OMNICOM_WILTON
59,042269,OMNICOM_STAMFORD
60,042271,1_LMS_14TH_FL_PREBUILT
61,042272,KB_BEVERAGE
62,042282,T&M_HOULIHAN
63,042284,ENTERGY_NUCLEAR_OPERATIONS
64,042286,PALISADES_MALL_ESCALATORS
65,042290,IVY_REHAB_1ST_FL
66,042292,JSK_ART_STUDIO
67,042296,4_LMS_SILGAN
68,042313,T&M_800_WESTCHESTER
69,042315,BOK_EXPANSION
70,042316,1_LMS_9TH_FL_PREBUILT
71,042317,1_N_BROADWAY_MAIN_LOBBY
72,042318,HISCOX
73,042319,EMERALD_EXPOSITIONS
74,042329,REGENERON_SHO_PHASE2
75,042335,US_TRUST
76,042336,IMG
77,042339,WMC_RADIOGRAPHIC_FLUORO_ROOM
78,042340,WESTMED_LAB_2700
79,042356,NYACK_HOSP_HYPERBARIC
80,042368,SVC_10_MIDLAND_ALARM&HYDRO
81,042370,SWISS_RE_CONFERENCE_ROOM
82,042371,T&M_1_LMS_6FL_PREBUILT
83,042377,6_INTERNATIONAL_DRIVE_COMMERZBANK
84,042379,ORACLE_DEMISING_PARTITION
85,042381,T&M_140_GRAND_SUITE_900_LEAK
86,042387,RCC_CLUBHOUSE
87,042388,CHAZEN_COMPANIES
88,042391,PENACHIO_MALARA_LLP
89,042394,255_HUGUENOT_LAROCHELLE_DEMO
90,042395,GELFAND_360_HAMILTON
91,042396,55_RYDER_RD_MARYKNOLL_FATHERS
92,042397,WESTCHESTER_MALL_FOOD_HALL
93,042398,222_BLOOMINGDALE_CELESTIAL_AND_SIRIUS
94,042399,10_MIDLAND_AVE_OPTIMUS
95,042400,T&M_800_WESTCHESTER_HAIR_CLUB_FOR_MEN
96,042401,10_BANK_1FL_CAFE
97,042415,MILLER_ZEIDERMAN
98,042416,800_RPW_OFFICE
99,042443,MASTERCARD_2W
100,042444,CARERITE
101,042448,1_LMS_GARAGE_REPAIRS
102,042449,ITOCHU_CHEMICALS
103,042461,COGNETIC_CAPITAL
104,042485,PEPSICO_PILOT_PLANT
105,042490,440_LOADING_DOCK
106,042492,210_WESTCHESTER_NUCLEAR_MEDICINE
107,042497,RPW_DR_SILVERMAN
108,042498,SKADDEN_ARPS_SLATE
109,042520,NEXTGEN
110,042525,PHENIX
111,042529,A_MATTER_OF_HEALTH
112,042570,PLEASANT_GROOMING
113,042582,BEL_AQUA
114,042591,1055_WASHINGTON_4TH_FL_PREBUILT
115,042592,BARI_JAY
116,042593,EMERALD_STORAGE_ROOM
117,042598,BREWSTER_TOWN_CENTRE
118,042604,15_NORTH_BROADWAY_NYP_LAWRENCE_HOSPITAL
119,042609,140_GRAND_ST_LUMAN_TUCKER
120,042610,1000_PALISADES_CENTER_DR_CHAMPS_SPORTING_GOODS
121,042626,1025_WESTCHESTER_AVENUE_SECURITAS
122,042627,123_MAIN_ST_NYPA_11TH_FL
123,042631,500_MAMARONECK_COKINETICS
124,042634,1_NORTH_BROADWAY_BROWN_GRUTTADARO
125,042648,100_SUMMIT_LAKE_DR_CON_ED
126,042653,100_SUMMIT_LAKE_DR_CORRIDORS
127,042659,5_SKYLINE_DRIVE_CONRI
128,042660,5_WESTCHESTER_PLAZA_WILLEMIN_MACODEL
129,042662,49_E_POST_ROAD_WPH_4E
130,042663,150_GRAND_ST_LOBBY_ALTERATIONS
131,042682,2975_WESTCHESTER_AVE_FAMILY_SERVICES
132,042688,6_INTERNATIONAL_DRIVE_COMMERZBANK_EWOR_01
133,042690,300_FIRST_STAMFORD_PLACE_MJLF_DEMO
134,042691,100_FIRST_STAMFORD_PLACE_RW_BAIRD
135,042712,1000_PALISADES_CENTER_DR_H&M_US004
136,042714,711_WESTCHESTER_AVE_HOMEBRIDGE
137,042718,2975_WESTCHESTER_AVE_MAYPRO_1ST_FL
138,042719,2975_WESTCHESTER_AVE_OLAM_AMERICA
139,042724,800_WESTCHESTER_AVENUE_MITSUI_CHEMICALS
140,042726,T&M_1_LMS_8TH_FL_PREBUILT
141,042727,CANCELED_109_ROUTE_59_ADVANCED_AUTO_PARTS
142,042730,120_WHITE_PLAINS_RD_RESIDENTIAL_MORTGAGE
143,042755,100_CORPORATE_BLVD_MONTEFIORE_SKAE
144,042764,800_WESTCHESTER_AVE_AMORUSO
145,042769,1_N_LEXINGTON_FORTISTAR
146,042782,644_PUTNAM_AVENUE_WESTMED_GREENWICH
147,042783,1_STATION_PLACE_THOMSON_REUTERS_FM200_REMOVAL
148,042784,CANCELED_40_SUNSHINE_COTTAGE_RD_NY_MED_COLLEGE_PAVARINI
149,042787,1_STATION_PLACE_4TH_FLOOR_DEMO
150,042788,1_STATION_PLACE_5TH_FLOOR_DEMO
151,042794,2975_WESTCHESTER_AVE_MAYPRO_GROUND_FLOOR
152,042807,1_THEALL_RD_ASC_OR_EXPANSION
153,042809,450_MAMARONECK_SOMNIA
154,042811,440_SAW_MILL_RIVER_RD_ACORDA
155,042844,451_MAIN_ST_MAIN_LE_COUNT
156,042845,2_HARBOR_POINT_PATISSERIE_SALZBURG
157,042854,37_RT_303_DIVISION_SPACE
158,042858,33_SO_BROADWAY_BURNAGENICS
159,042859,4767_BOSTON_POST_RD_BANK_OF_AMERICA
160,042862,350_COLUMBUS_PEPSICO_UPRIGHTS
161,042869,187_DANBURY_ROAD_PENN_MUTUAL
162,042884,600_WASHINGTON_BLVD_RBS_7FL_RESTROOM
163,042885,10_MIDLAND_AVENUE_SAILMAKERS
164,042913,1_LMS_LOBBY_ALTERATIONS_COORIDOR_RESTROOMS
165,042926,360_HAMILTON_AVENUE_ARCH_INSURANCE
166,042927,445_HAMILTON_AVENUE_AG_POLYMERS
167,042929,55_PALMER_NYP_LAWRENCE_IT_CLOSETS
168,042954,5_ODELL_PLAZA_SCHINDLER
169,042960,77_QUAKER_RIDGE_RD_TAYLOR_VIAZZO
170,042989,210_WESTCHESTER_WESTMED_CYTOLOGY
171,043002,10_BANK_ST_4TH_FL_RESTROOMS_AND_CORR
172,043003,10_BANK_ST_6TH_FL_RESTROOMS_AND_CORR
173,043004,10_BANK_ST_8TH_FL_RESTROOMS_AND_CORR
174,043005,10_BANK_ST_11TH_FL_RESTROOMS_AND_CORR
175,043020,429_WASHINGTON_BOULEVARD_ESRT_4TH_FL_RESTROOMS_AND_CORR
176,043021,429_WASHINGTON_BOULEVARD_ESRT_5TH_FL_RESTROOMS_AND_CORR
177,043033,1133_WESTCHESTER_AUTONATION
178,043038,_1133_WESTCHESTER_BROWN_AND_BROWN
179,043039,185_OLD_BROADWAY_ANDRUS
180,090339,SKAE_15_CORPORATE_VESDA
181,090374,151_FULTON_ST_ALTICE
