Number,Name
'042001,12TH FLOOR CORRIDORS @ 445 HAMILTON
'042002,14TH FLOOR CORRIDORS @ 1 N. BROADWAY
'042004,12TH FLOOR RESTROOMS @ 445 HAMILTON
'042005,10TH FLOOR RESTROOMS @ 445 HAMILTON
'042009,NATIONAL_HEALTH_REHAB
'042019,HONEYWELL_NJ06
'042023,SIEMANS_HEALTHCARE_MID_LAB_RENOVATIONS
'042037,1LMS 4TH FL
'042039,USI_INSURANCE_SERVICES
'042046,AMERICAN_LIST_COUNCIL
'042047,MERIDIAN_GLOBAL_VAT_SERVICES
'042048,FONTANA_&_GIANNELLI
'042050,10_BANK_ST_PLADIS
'042053,COSMETIC_UPGRADES_5E
'042054,TURBONOMICS
'042066,ICE_DATA_SERVICES
'042070,GOLDBERG_SEGALLA
'042074,ESRT_10_BANK_ST_CORRIDORS
'042075,1_LMS_9TH_FL_CORRIDOR
'042077,PEPSICO_BLDG_1
'042098,PEPSICO_R&D_MOBILE_OFFICE
'042110,CAREMOUNT_OPHTHALMOLOGY
'042114,RYE_YMCA_LOCKER_ROOMS
'042126,ONCOLOGY_EXAM_ROOM_RENOVATIONS
'042127,EVEREST_GLOBAL_SERVICES
'042131,ZARIN_&_STEINMETZ
'042132,PRIMEVIEW_ASSOCIATES
'042134,METCAR
'042135,SIEMENS_LOWER_LEVEL_CORRIDORS
'042136,MAMMO_SUITE_WESTMED
'042150,800_WESTCHESTER_RPW
'042151,HARRIS_BEACH_PLLC
'042152,WALMART
'042153,55_S_BROADWAY_CONFERENCE_ROOM
'042154,CITI_ARMONK_PHASE1
'042156,JLL_RBS_7FL_RESTACK
'042160,METRO_CENTER
'042163,MARYKNOLL_FATHERS_AND_BROTHERS
'042190,GREENBURGH_TRAURIG
'042193,MATRIX
'042196,1_LMS_LINNAR_MULTI_FAMIL
'042203,PROMPTCARE
'042205,T&M_440_RPW
'042212,PALISADES_FOOD_COURT
'042215,44_SOUTH_LOWER_LEVEL
'042231,TRANS_OCEAN_IMPORTS
'042236,APINSG_WALMART_MONROE
'042238,140_GRAND_SUITE_900
'042239,140_GRAND_YANKWITT_LLP
'042242,44_SOUTH_BROADWAY_6TH_FL_PREBUILT
'042246,T&M_440_RPW_EWOR_02
'042253,T&M_800_WESTCHESTER_AMERIPRISE
'042254,140_GRAND_7TH_FL_RESTROOMS
'042255,140_GRAND_BELOWICH
'042256,140_GRAND_CRB_9TH_FL_DEMO
'042259,222_BLOOMINGDALE_RESTROOMS
'042264,222_BLOOMINGDALE_HALLWAY
'042265,222_BLOOMINGDALE_MONTE_NIRO
'042267,OMNICOM_WILTON
'042269,OMNICOM_STAMFORD
'042271,1_LMS_14TH_FL_PREBUILT
'042272,KB_BEVERAGE
'042282,T&M_HOULIHAN
'042284,ENTERGY_NUCLEAR_OPERATIONS
'042286,PALISADES_MALL_ESCALATORS
'042290,IVY_REHAB_1ST_FL
'042292,JSK_ART_STUDIO
'042296,4_LMS_SILGAN
'042313,T&M_800_WESTCHESTER
'042315,BOK_EXPANSION
'042316,1_LMS_9TH_FL_PREBUILT
'042317,1_N_BROADWAY_MAIN_LOBBY
'042318,HISCOX
'042319,EMERALD_EXPOSITIONS
'042329,REGENERON_SHO_PHASE2
'042335,US_TRUST
'042336,IMG
'042339,WMC_RADIOGRAPHIC_FLUORO_ROOM
'042340,WESTMED_LAB_2700
'042356,NYACK_HOSP_HYPERBARIC
'042368,SVC_10_MIDLAND_ALARM&HYDRO
'042370,SWISS_RE_CONFERENCE_ROOM
'042371,T&M_1_LMS_6FL_PREBUILT
'042377,6_INTERNATIONAL_DRIVE_COMMERZBANK
'042379,ORACLE_DEMISING_PARTITION
'042381,T&M_140_GRAND_SUITE_900_LEAK
'042387,RCC_CLUBHOUSE
'042388,CHAZEN_COMPANIES
'042391,PENACHIO_MALARA_LLP
'042394,255_HUGUENOT_LAROCHELLE_DEMO
'042395,GELFAND_360_HAMILTON
'042396,55_RYDER_RD_MARYKNOLL_FATHERS
'042397,WESTCHESTER_MALL_FOOD_HALL
'042398,222_BLOOMINGDALE_CELESTIAL_AND_SIRIUS
'042399,10_MIDLAND_AVE_OPTIMUS
'042400,T&M_800_WESTCHESTER_HAIR_CLUB_FOR_MEN
'042401,10_BANK_1FL_CAFE
'042415,MILLER_ZEIDERMAN
'042416,800_RPW_OFFICE
'042443,MASTERCARD_2W
'042444,CARERITE
'042448,1_LMS_GARAGE_REPAIRS
'042449,ITOCHU_CHEMICALS
'042461,COGNETIC_CAPITAL
'042485,PEPSICO_PILOT_PLANT
'042490,440_LOADING_DOCK
'042492,210_WESTCHESTER_NUCLEAR_MEDICINE
'042497,RPW_DR_SILVERMAN
'042498,SKADDEN_ARPS_SLATE
'042520,NEXTGEN
'042525,PHENIX
'042529,A_MATTER_OF_HEALTH
'042570,PLEASANT_GROOMING
'042582,BEL_AQUA
'042591,1055_WASHINGTON_4TH_FL_PREBUILT
'042592,BARI_JAY
'042593,EMERALD_STORAGE_ROOM
'042598,BREWSTER_TOWN_CENTRE
'042604,15_NORTH_BROADWAY_NYP_LAWRENCE_HOSPITAL
'042609,140_GRAND_ST_LUMAN_TUCKER
'042610,1000_PALISADES_CENTER_DR_CHAMPS_SPORTING_GOODS
'042626,1025_WESTCHESTER_AVENUE_SECURITAS
'042627,123_MAIN_ST_NYPA_11TH_FL
'042631,500_MAMARONECK_COKINETICS
'042634,1_NORTH_BROADWAY_BROWN_GRUTTADARO
'042648,100_SUMMIT_LAKE_DR_CON_ED
'042653,100_SUMMIT_LAKE_DR_CORRIDORS
'042659,5_SKYLINE_DRIVE_CONRI
'042660,5_WESTCHESTER_PLAZA_WILLEMIN_MACODEL
'042662,49_E_POST_ROAD_WPH_4E
'042663,150_GRAND_ST_LOBBY_ALTERATIONS
'042682,2975_WESTCHESTER_AVE_FAMILY_SERVICES
'042688,6_INTERNATIONAL_DRIVE_COMMERZBANK_EWOR_01
'042690,300_FIRST_STAMFORD_PLACE_MJLF_DEMO
'042691,100_FIRST_STAMFORD_PLACE_RW_BAIRD
'042712,1000_PALISADES_CENTER_DR_H&M_US004
'042714,711_WESTCHESTER_AVE_HOMEBRIDGE
'042718,2975_WESTCHESTER_AVE_MAYPRO_1ST_FL
'042719,2975_WESTCHESTER_AVE_OLAM_AMERICA
'042724,800_WESTCHESTER_AVENUE_MITSUI_CHEMICALS
'042726,T&M_1_LMS_8TH_FL_PREBUILT
'042727,CANCELED_109_ROUTE_59_ADVANCED_AUTO_PARTS
'042730,120_WHITE_PLAINS_RD_RESIDENTIAL_MORTGAGE
'042755,100_CORPORATE_BLVD_MONTEFIORE_SKAE
'042764,800_WESTCHESTER_AVE_AMORUSO
'042769,1_N_LEXINGTON_FORTISTAR
'042782,644_PUTNAM_AVENUE_WESTMED_GREENWICH
'042783,1_STATION_PLACE_THOMSON_REUTERS_FM200_REMOVAL
'042784,CANCELED_40_SUNSHINE_COTTAGE_RD_NY_MED_COLLEGE_PAVARINI
'042787,1_STATION_PLACE_4TH_FLOOR_DEMO
'042788,1_STATION_PLACE_5TH_FLOOR_DEMO
'042794,2975_WESTCHESTER_AVE_MAYPRO_GROUND_FLOOR
'042807,1_THEALL_RD_ASC_OR_EXPANSION
'042809,450_MAMARONECK_SOMNIA
'042811,440_SAW_MILL_RIVER_RD_ACORDA
'042844,451_MAIN_ST_MAIN_LE_COUNT
'042845,2_HARBOR_POINT_PATISSERIE_SALZBURG
'042854,37_RT_303_DIVISION_SPACE
'042858,33_SO_BROADWAY_BURNAGENICS
'042859,4767_BOSTON_POST_RD_BANK_OF_AMERICA
'042862,350_COLUMBUS_PEPSICO_UPRIGHTS
'042869,187_DANBURY_ROAD_PENN_MUTUAL
'042884,600_WASHINGTON_BLVD_RBS_7FL_RESTROOM
'042885,10_MIDLAND_AVENUE_SAILMAKERS
'042913,1_LMS_LOBBY_ALTERATIONS_COORIDOR_RESTROOMS
'042926,360_HAMILTON_AVENUE_ARCH_INSURANCE
'042927,445_HAMILTON_AVENUE_AG_POLYMERS
'042929,55_PALMER_NYP_LAWRENCE_IT_CLOSETS
'042954,5_ODELL_PLAZA_SCHINDLER
'042960,77_QUAKER_RIDGE_RD_TAYLOR_VIAZZO
'042989,210_WESTCHESTER_WESTMED_CYTOLOGY
'043002,10_BANK_ST_4TH_FL_RESTROOMS_AND_CORR
'043003,10_BANK_ST_6TH_FL_RESTROOMS_AND_CORR
'043004,10_BANK_ST_8TH_FL_RESTROOMS_AND_CORR
'043005,10_BANK_ST_11TH_FL_RESTROOMS_AND_CORR
'043020,429_WASHINGTON_BOULEVARD_ESRT_4TH_FL_RESTROOMS_AND_CORR
'043021,429_WASHINGTON_BOULEVARD_ESRT_5TH_FL_RESTROOMS_AND_CORR
'043033,1133_WESTCHESTER_AUTONATION
'043038,_1133_WESTCHESTER_BROWN_AND_BROWN
'043039,185_OLD_BROADWAY_ANDRUS
'043041,125_Westchester_Avenue_Michael_Kors
'090339,SKAE_15_CORPORATE_VESDA
'090374,151_FULTON_ST_ALTICE
